date,symbol,expiry_date,open,close,high,low,previous_Close,volume,open_interest,price_increase,price_increase_percentage,expected_result,a_weekday_name,a_weekday_value,b_sun_raashi_name,b_sun_raashi_value,ca_tithi_name,ca_tithi_value,ca_tithi_time_range,cb_tithi_name,cb_tithi_value,cb_tithi_time_range,da_nakshatra_name,da_nakshatra_value,da_nakshatra_time_range,db_nakshatra_name,db_nakshatra_value,db_nakshatra_time_range
28/11/25,GOLDM,05/12/25,125899,126943,127099,125625,125465,50902,14850,1044,0.83,1,friday,0,vrishchik,0,saptami_shukla,2,00:00:00-00:30:30,ashtami_shukla,0,00:30:30-00:00:00,dhanishtha,1,00:00:00-02:32:11,shatabhisha,0,02:32:11-00:00:00
27/11/25,GOLDM,05/12/25,125360,125465,125719,125087,125674,26081,22967,105,0.08,0,thursday,2,vrishchik,0,shashthi_shukla,1,00:00:00-00:02:31,saptami_shukla,2,00:02:31-00:00:00,shravana,1,00:00:00-01:33:00,dhanishtha,1,01:33:00-00:00:00
26/11/25,GOLDM,05/12/25,125302,125674,125800,124961,124916,44486,24692,372,0.3,1,wednesday,0,vrishchik,0,shashthi_shukla,1,00:00:00-00:00:00,,,,shravana,1,00:00:00-00:00:00,,,
25/11/25,GOLDM,05/12/25,124000,124916,125162,124000,123614,55048,28820,916,0.74,1,tuesday,0,vrishchik,0,panchami_shukla,2,00:00:00-22:57:33,shashthi_shukla,1,22:57:33-00:00:00,uttara_ashadha,0,00:00:00-23:57:50,shravana,1,23:57:50-00:00:00
24/11/25,GOLDM,05/12/25,122600,123614,123783,122257,123849,44401,31503,1014,0.83,1,monday,2,vrishchik,0,chaturthi_shukla,0,00:00:00-21:22:41,panchami_shukla,2,21:22:41-00:00:00,purva_ashadha,1,00:00:00-21:53:46,uttara_ashadha,0,21:53:46-00:00:00
21/11/25,GOLDM,05/12/25,122361,123849,124195,121500,122578,76478,32835,1488,1.22,1,friday,0,vrishchik,0,pratipada_shukla,0,00:00:00-14:47:46,dvitiya_shukla,2,14:47:46-00:00:00,anuradha,1,00:00:00-13:55:59,jyeshtha,1,13:55:59-00:00:00
20/11/25,GOLDM,05/12/25,122904,122578,123579,121901,122904,70110,36461,-326,-0.27,2,thursday,2,vrishchik,0,amavasya,1,00:00:00-12:17:15,pratipada_shukla,0,12:17:15-00:00:00,vishakha,2,00:00:00-10:58:53,anuradha,1,10:58:53-00:00:00
19/11/25,GOLDM,05/12/25,122734,122904,124280,122202,122591,72005,36698,170,0.14,1,wednesday,0,vrishchik,0,chaturdashi_krishna,0,00:00:00-09:44:07,amavasya,1,09:44:07-00:00:00,swati,0,00:00:00-07:59:24,vishakha,2,07:59:24-00:00:00
18/11/25,GOLDM,05/12/25,122101,122591,122945,120700,122789,75507,36535,490,0.4,1,tuesday,0,vrishchik,0,trayodashi_krishna,2,00:00:00-07:12:35,chaturdashi_krishna,0,07:12:35-00:00:00,chitra,0,00:00:00-05:01:42,swati,0,05:01:42-00:00:00
17/11/25,GOLDM,05/12/25,123189,122789,123580,121961,123454,66588,37397,-400,-0.32,2,monday,2,vrishchik,0,dwadashi_krishna,1,00:00:00-04:48:08,trayodashi_krishna,2,04:48:08-00:00:00,hasta,1,00:00:00-02:11:06,chitra,0,02:11:06-00:00:00
14/11/25,GOLDM,05/12/25,127010,123454,127096,121767,126668,107420,38330,-3556,-2.8,2,friday,0,tula,2,dashami_krishna,2,00:00:00-00:00:00,,,,purva_phalguni,1,00:00:00-21:20:46,uttara_phalguni,0,21:20:46-00:00:00
13/11/25,GOLDM,05/12/25,126541,126668,127824,126150,126363,80023,38382,127,0.1,0,thursday,2,tula,2,navami_krishna,1,00:00:00-23:34:35,dashami_krishna,2,23:34:35-00:00:00,magha,0,00:00:00-19:38:23,purva_phalguni,1,19:38:23-00:00:00
12/11/25,GOLDM,05/12/25,124154,126363,126590,123620,123897,76031,38315,2209,1.78,1,wednesday,0,tula,2,ashtami_krishna,0,00:00:00-22:58:56,navami_krishna,1,22:58:56-00:00:00,ashlesha,0,00:00:00-18:35:35,magha,0,18:35:35-00:00:00
11/11/25,GOLDM,05/12/25,124299,123897,125287,123401,123897,58528,39756,-402,-0.32,2,tuesday,0,tula,2,shashthi_krishna,1,00:00:00-00:08:36,saptami_krishna,2,00:08:36-23:09:22,pushya,1,00:00:00-18:18:06,ashlesha,0,18:18:06-00:00:00
10/11/25,GOLDM,05/12/25,121799,123897,124100,121799,121056,64150,39395,2098,1.72,1,monday,2,tula,2,panchami_krishna,2,00:00:00-01:55:39,shashthi_krishna,1,01:55:39-00:00:00,punarvasu,0,00:00:00-18:48:18,pushya,1,18:48:18-00:00:00
07/11/25,GOLDM,05/12/25,120751,121056,121570,120523,120587,55453,42118,305,0.25,1,friday,0,tula,2,dvitiya_krishna,2,00:00:00-11:05:52,tritiya_krishna,1,11:05:52-00:00:00,krittika,0,00:00:00-03:27:57,rohini,2,03:27:57-00:00:00
06/11/25,GOLDM,05/12/25,120547,120587,121527,120132,120494,53890,39827,40,0.03,0,thursday,2,tula,2,pratipada_krishna,0,00:00:00-14:55:13,dvitiya_krishna,2,14:55:13-00:00:00,bharani,1,00:00:00-06:34:12,krittika,0,06:34:12-00:00:00
05/11/25,GOLDM,05/12/25,120290,120494,120688,119730,119830,25685,37995,204,0.17,1,wednesday,0,tula,2,purnima,1,00:00:00-18:49:20,pratipada_krishna,0,18:49:20-00:00:00,ashwini,1,00:00:00-09:40:25,bharani,1,09:40:25-00:00:00
04/11/25,GOLDM,05/12/25,121126,119830,121136,119215,121415,73605,37896,-1296,-1.07,2,tuesday,0,tula,2,trayodashi_shukla,2,00:00:00-02:06:25,chaturdashi_shukla,0,02:06:25-22:36:48,revati,1,00:00:00-12:34:44,ashwini,1,12:34:44-00:00:00
03/11/25,GOLDM,05/12/25,121489,121415,122100,121125,121209,63899,36068,-74,-0.06,0,monday,2,tula,2,dwadashi_shukla,1,00:00:00-05:07:51,trayodashi_shukla,2,05:07:51-00:00:00,uttara_bhadrapada,0,00:00:00-15:05:52,revati,1,15:05:52-00:00:00
31/10/25,GOLDM,05/11/25,119990,119728,120995,119270,120251,20026,15361,-262,-0.22,2,friday,0,tula,2,navami_shukla,1,00:00:00-10:04:08,dashami_shukla,2,10:04:08-00:00:00,dhanishtha,1,00:00:00-18:51:17,shatabhisha,0,18:51:17-00:00:00
30/10/25,GOLDM,05/11/25,117566,120251,120499,117376,119424,35582,19197,2685,2.28,1,thursday,2,tula,2,ashtami_shukla,0,00:00:00-10:07:00,navami_shukla,1,10:07:00-00:00:00,shravana,1,00:00:00-18:33:44,dhanishtha,1,18:33:44-00:00:00
29/10/25,GOLDM,05/11/25,117031,119424,120730,117031,118699,61325,21491,2393,2.04,1,wednesday,0,tula,2,saptami_shukla,2,00:00:00-09:23:40,ashtami_shukla,0,09:23:40-00:00:00,uttara_ashadha,0,00:00:00-17:29:57,shravana,1,17:29:57-00:00:00
28/10/25,GOLDM,05/11/25,118900,118699,119500,116606,120002,55062,21454,-201,-0.17,2,tuesday,0,tula,2,shashthi_shukla,1,00:00:00-08:00:16,saptami_shukla,2,08:00:16-00:00:00,purva_ashadha,1,00:00:00-15:45:17,uttara_ashadha,0,15:45:17-00:00:00
27/10/25,GOLDM,05/11/25,121759,120002,121899,119270,122549,69968,25136,-1757,-1.44,2,monday,2,tula,2,panchami_shukla,2,00:00:00-06:05:25,shashthi_shukla,1,06:05:25-00:00:00,mula,0,00:00:00-13:27:45,purva_ashadha,1,13:27:45-00:00:00
24/10/25,GOLDM,05/11/25,122956,122549,123258,120672,123305,63689,26176,-407,-0.33,2,friday,0,tula,2,tritiya_shukla,1,00:00:00-00:00:00,,,,vishakha,2,00:00:00-04:51:14,anuradha,1,04:51:14-00:00:00
23/10/25,GOLDM,05/11/25,121360,123305,123770,121360,121069,53574,28100,1945,1.6,1,thursday,2,tula,2,dvitiya_shukla,2,00:00:00-22:47:17,tritiya_shukla,1,22:47:17-00:00:00,swati,0,00:00:00-01:51:49,vishakha,2,01:51:49-00:00:00
22/10/25,GOLDM,05/11/25,126100,121069,126100,119753,127365,69875,29818,-5031,-3.99,2,wednesday,0,tula,2,pratipada_shukla,0,00:00:00-20:17:14,dvitiya_shukla,2,20:17:14-00:00:00,swati,0,00:00:00-00:00:00,,,
21/10/25,GOLDM,05/11/25,128067,127365,128067,126091,129493,11229,32541,-702,-0.55,2,tuesday,0,tula,2,amavasya,1,00:00:00-17:55:10,pratipada_shukla,0,17:55:10-00:00:00,chitra,0,00:00:00-22:58:55,swati,0,22:58:55-00:00:00
20/10/25,GOLDM,05/11/25,126573,129493,129629,125524,125951,93876,32566,2920,2.31,1,monday,2,tula,2,chaturdashi_krishna,0,00:00:00-15:45:26,amavasya,1,15:45:26-00:00:00,hasta,1,00:00:00-20:16:55,chitra,0,20:16:55-00:00:00
17/10/25,GOLDM,05/11/25,129999,125951,131698,124873,128735,149474,34828,-4048,-3.11,2,friday,0,tula,2,ekadashi_krishna,0,00:00:00-11:12:43,dwadashi_krishna,1,11:12:43-00:00:00,magha,0,00:00:00-13:57:46,purva_phalguni,1,13:57:46-00:00:00
16/10/25,GOLDM,05/11/25,127199,128735,128989,126955,126641,78786,36679,1536,1.21,1,thursday,2,kanya,0,dashami_krishna,2,00:00:00-10:36:08,ekadashi_krishna,0,10:36:08-00:00:00,ashlesha,0,00:00:00-12:42:19,magha,0,12:42:19-00:00:00
15/10/25,GOLDM,05/11/25,125999,126641,127150,125765,125753,73228,35350,642,0.51,1,wednesday,0,kanya,0,navami_krishna,1,00:00:00-10:34:15,dashami_krishna,2,10:34:15-00:00:00,pushya,1,00:00:00-12:00:07,ashlesha,0,12:00:07-00:00:00
14/10/25,GOLDM,05/11/25,124348,125753,126472,123673,123964,102840,32156,1405,1.13,1,tuesday,0,kanya,0,ashtami_krishna,0,00:00:00-11:10:08,navami_krishna,1,11:10:08-00:00:00,punarvasu,0,00:00:00-11:54:32,pushya,1,11:54:32-00:00:00
13/10/25,GOLDM,05/11/25,121700,123964,124149,121700,120727,70600,35268,2264,1.86,1,monday,2,kanya,0,saptami_krishna,2,00:00:00-12:24:55,ashtami_krishna,0,12:24:55-00:00:00,ardra,2,00:00:00-12:27:04,punarvasu,0,12:27:04-00:00:00
10/10/25,GOLDM,05/11/25,119869,120727,121669,119300,119869,102118,37818,858,0.72,1,friday,0,kanya,0,chaturthi_krishna,0,00:00:00-19:39:01,panchami_krishna,2,19:39:01-00:00:00,krittika,0,00:00:00-17:31:24,rohini,2,17:31:24-00:00:00
09/10/25,GOLDM,05/11/25,122280,119869,123108,119500,122542,108115,38141,-2411,-1.97,2,thursday,2,kanya,0,dvitiya_krishna,2,00:00:00-02:23:04,tritiya_krishna,1,02:23:04-22:54:56,bharani,1,00:00:00-20:02:44,krittika,0,20:02:44-00:00:00
08/10/25,GOLDM,05/11/25,120759,122542,122723,120759,120354,76521,39499,1783,1.48,1,wednesday,0,kanya,0,pratipada_krishna,0,00:00:00-05:53:55,dvitiya_krishna,2,05:53:55-00:00:00,revati,1,00:00:00-01:28:12,ashwini,1,01:28:12-22:45:00
07/10/25,GOLDM,05/11/25,119759,120354,120495,119160,119524,76339,39533,595,0.5,1,tuesday,0,kanya,0,purnima,1,00:00:00-09:17:36,pratipada_krishna,0,09:17:36-00:00:00,uttara_bhadrapada,0,00:00:00-04:02:00,revati,1,04:02:00-00:00:00
06/10/25,GOLDM,05/11/25,117979,119524,119793,117979,117370,66826,39097,1545,1.31,1,monday,2,kanya,0,chaturdashi_shukla,0,00:00:00-12:24:16,purnima,1,12:24:16-00:00:00,purva_bhadrapada,2,00:00:00-06:16:13,uttara_bhadrapada,0,06:16:13-00:00:00
03/10/25,GOLDM,05/11/25,116433,117370,117620,115900,116968,51023,38720,937,0.8,1,friday,0,kanya,0,ekadashi_shukla,0,00:00:00-18:33:46,dwadashi_shukla,1,18:33:46-00:00:00,shravana,1,00:00:00-09:34:36,dhanishtha,1,09:34:36-00:00:00
01/10/25,GOLDM,05/11/25,116999,116968,117700,116306,116573,61451,38110,-31,-0.03,0,wednesday,0,kanya,0,navami_shukla,1,00:00:00-19:01:42,dashami_shukla,2,19:01:42-00:00:00,purva_ashadha,1,00:00:00-08:06:29,uttara_ashadha,0,08:06:29-00:00:00
30/09/25,GOLDM,03/10/25,116144,116104,116530,114400,115096,2018,1992,-40,-0.03,0,tuesday,0,kanya,0,ashtami_shukla,0,00:00:00-18:06:38,navami_shukla,1,18:06:38-00:00:00,mula,0,00:00:00-06:17:46,purva_ashadha,1,06:17:46-00:00:00
29/09/25,GOLDM,03/10/25,114320,115096,115260,114311,113664,2576,3640,776,0.68,1,monday,2,kanya,0,saptami_shukla,2,00:00:00-16:32:14,ashtami_shukla,0,16:32:14-00:00:00,jyeshtha,1,00:00:00-03:54:58,mula,0,03:54:58-00:00:00
26/09/25,GOLDM,03/10/25,112643,113664,113900,112500,112606,10439,6073,1021,0.91,1,friday,0,kanya,0,chaturthi_shukla,0,00:00:00-09:33:36,panchami_shukla,2,09:33:36-00:00:00,vishakha,2,00:00:00-22:09:16,anuradha,1,22:09:16-00:00:00
25/09/25,GOLDM,03/10/25,112673,112606,113247,112100,112475,35111,11213,-67,-0.06,0,thursday,2,kanya,0,tritiya_shukla,1,00:00:00-07:06:37,chaturthi_shukla,0,07:06:37-00:00:00,swati,0,00:00:00-19:08:54,vishakha,2,19:08:54-00:00:00
24/09/25,GOLDM,03/10/25,113490,112475,114150,112374,113715,38769,18968,-1015,-0.89,2,wednesday,0,kanya,0,dvitiya_shukla,2,00:00:00-04:52:06,tritiya_shukla,1,04:52:06-00:00:00,chitra,0,00:00:00-16:16:46,swati,0,16:16:46-00:00:00
23/09/25,GOLDM,03/10/25,112098,113715,114090,111909,112070,66088,23285,1617,1.44,1,tuesday,0,kanya,0,pratipada_shukla,0,00:00:00-02:56:33,dvitiya_shukla,2,02:56:33-00:00:00,hasta,1,00:00:00-13:40:15,chitra,0,13:40:15-00:00:00
22/09/25,GOLDM,03/10/25,109811,112070,112140,109811,109715,52835,30678,2259,2.06,1,monday,2,kanya,0,amavasya,1,00:00:00-01:24:09,pratipada_shukla,0,01:24:09-00:00:00,uttara_phalguni,0,00:00:00-11:24:24,hasta,1,11:24:24-00:00:00
19/09/25,GOLDM,03/10/25,109279,109715,109786,108990,108951,34441,28699,436,0.4,1,friday,0,kanya,0,trayodashi_krishna,2,00:00:00-23:37:29,chaturdashi_krishna,0,23:37:29-00:00:00,ashlesha,0,00:00:00-07:05:51,magha,0,07:05:51-00:00:00
18/09/25,GOLDM,03/10/25,109199,108951,109694,108589,109692,53408,29921,-248,-0.23,2,thursday,2,kanya,0,dwadashi_krishna,1,00:00:00-23:25:00,trayodashi_krishna,2,23:25:00-00:00:00,pushya,1,00:00:00-06:32:35,ashlesha,0,06:32:35-00:00:00
17/09/25,GOLDM,03/10/25,109820,109692,109875,109063,110040,38342,32601,-128,-0.12,0,wednesday,0,kanya,0,dashami_krishna,2,00:00:00-00:22:34,ekadashi_krishna,0,00:22:34-23:40:06,punarvasu,0,00:00:00-06:26:10,pushya,1,06:26:10-00:00:00
16/09/25,GOLDM,03/10/25,110001,110040,110550,109850,110045,38451,35321,39,0.04,0,tuesday,0,simha,2,navami_krishna,1,00:00:00-01:31:47,dashami_krishna,2,01:31:47-00:00:00,ardra,2,00:00:00-06:46:13,punarvasu,0,06:46:13-00:00:00
15/09/25,GOLDM,03/10/25,109210,110045,110196,108800,109237,39771,36092,835,0.76,1,monday,2,simha,2,ashtami_krishna,0,00:00:00-03:06:34,navami_krishna,1,03:06:34-00:00:00,mrigashira,2,00:00:00-07:31:48,ardra,2,07:31:48-00:00:00
12/09/25,GOLDM,03/10/25,109222,109237,109570,109050,108870,30033,35777,15,0.01,0,friday,0,simha,2,panchami_krishna,2,00:00:00-09:59:08,shashthi_krishna,1,09:59:08-00:00:00,bharani,1,00:00:00-11:58:50,krittika,0,11:58:50-00:00:00
11/09/25,GOLDM,03/10/25,108601,108870,109050,108455,108884,38282,37891,269,0.25,1,thursday,2,simha,2,chaturthi_krishna,0,00:00:00-12:46:02,panchami_krishna,2,12:46:02-00:00:00,ashwini,1,00:00:00-13:58:11,bharani,1,13:58:11-00:00:00
10/09/25,GOLDM,03/10/25,108674,108884,109250,108594,108907,32594,39415,210,0.19,1,wednesday,0,simha,2,tritiya_krishna,1,00:00:00-15:38:27,chaturthi_krishna,0,15:38:27-00:00:00,revati,1,00:00:00-16:03:23,ashwini,1,16:03:23-00:00:00
09/09/25,GOLDM,03/10/25,108600,108907,109749,108500,108393,62124,41004,307,0.28,1,tuesday,0,simha,2,dvitiya_krishna,2,00:00:00-18:29:39,tritiya_krishna,1,18:29:39-00:00:00,uttara_bhadrapada,0,00:00:00-18:07:27,revati,1,18:07:27-00:00:00
08/09/25,GOLDM,03/10/25,107391,108393,108599,107010,107605,44715,40695,1002,0.93,1,monday,2,simha,2,pratipada_krishna,0,00:00:00-21:12:20,dvitiya_krishna,2,21:12:20-00:00:00,purva_bhadrapada,2,00:00:00-20:02:47,uttara_bhadrapada,0,20:02:47-00:00:00
05/09/25,GOLDM,03/10/25,106661,107605,107682,106410,106310,50562,39937,944,0.89,1,friday,0,simha,2,dwadashi_shukla,1,00:00:00-04:08:37,trayodashi_shukla,2,04:08:37-00:00:00,shravana,1,00:00:00-23:38:36,dhanishtha,1,23:38:36-00:00:00
04/09/25,GOLDM,03/10/25,106501,106310,106720,105500,107080,44391,38221,-191,-0.18,2,thursday,2,simha,2,ekadashi_shukla,0,00:00:00-04:22:27,dwadashi_shukla,1,04:22:27-00:00:00,uttara_ashadha,0,00:00:00-23:44:05,shravana,1,23:44:05-00:00:00
03/09/25,GOLDM,03/10/25,105694,107080,107136,105694,105695,44257,40827,1386,1.31,1,wednesday,0,simha,2,dashami_shukla,2,00:00:00-03:53:29,ekadashi_shukla,0,03:53:29-00:00:00,purva_ashadha,1,00:00:00-23:08:33,uttara_ashadha,0,23:08:33-00:00:00
02/09/25,GOLDM,03/10/25,104799,105695,105788,104457,104694,51598,38444,896,0.85,1,tuesday,0,simha,2,navami_shukla,1,00:00:00-02:43:32,dashami_shukla,2,02:43:32-00:00:00,mula,0,00:00:00-21:51:19,purva_ashadha,1,21:51:19-00:00:00
01/09/25,GOLDM,03/10/25,103899,104694,105729,103899,103718,37417,33088,795,0.77,1,monday,2,simha,2,ashtami_shukla,0,00:00:00-00:58:16,navami_shukla,1,00:58:16-00:00:00,jyeshtha,1,00:00:00-19:55:18,mula,0,19:55:18-00:00:00
29/08/25,GOLDM,05/09/25,101390,103164,103422,101390,101481,25604,9011,1774,1.75,1,friday,0,simha,2,shashthi_shukla,1,00:00:00-20:22:25,saptami_shukla,2,20:22:25-00:00:00,swati,0,00:00:00-11:38:45,vishakha,2,11:38:45-00:00:00
28/08/25,GOLDM,05/09/25,100813,101481,101520,100813,100967,17097,17765,668,0.66,1,thursday,2,simha,2,panchami_shukla,2,00:00:00-17:57:26,shashthi_shukla,1,17:57:26-00:00:00,chitra,0,00:00:00-08:43:46,swati,0,08:43:46-00:00:00
27/08/25,GOLDM,05/09/25,100416,100967,101048,100400,100531,15905,20544,551,0.55,1,wednesday,0,simha,2,chaturthi_shukla,0,00:00:00-15:44:53,panchami_shukla,2,15:44:53-00:00:00,hasta,1,00:00:00-06:04:26,chitra,0,06:04:26-00:00:00
26/08/25,GOLDM,05/09/25,100199,100531,100650,100199,100118,22638,20857,332,0.33,1,tuesday,0,simha,2,tritiya_shukla,1,00:00:00-13:55:09,chaturthi_shukla,0,13:55:09-00:00:00,uttara_phalguni,0,00:00:00-03:49:55,hasta,1,03:49:55-00:00:00
25/08/25,GOLDM,05/09/25,99510,100118,100275,99510,99857,20910,21848,608,0.61,1,monday,2,simha,2,dvitiya_shukla,2,00:00:00-12:35:17,tritiya_shukla,1,12:35:17-00:00:00,purva_phalguni,1,00:00:00-02:05:58,uttara_phalguni,0,02:05:58-00:00:00
22/08/25,GOLDM,05/09/25,98986,99857,99975,98760,99035,32483,25047,871,0.88,1,friday,0,simha,2,chaturdashi_krishna,0,00:00:00-11:56:29,amavasya,1,11:56:29-00:00:00,pushya,1,00:00:00-00:08:45,ashlesha,0,00:08:45-00:00:00
21/08/25,GOLDM,05/09/25,98913,99035,99185,98541,98903,24372,29217,122,0.12,0,thursday,2,simha,2,trayodashi_krishna,2,00:00:00-12:45:23,chaturdashi_krishna,0,12:45:23-00:00:00,punarvasu,0,00:00:00-00:27:14,pushya,1,00:27:14-00:00:00
20/08/25,GOLDM,05/09/25,98393,98903,99035,98145,98359,23007,31193,510,0.52,1,wednesday,0,simha,2,dwadashi_krishna,1,00:00:00-13:59:04,trayodashi_krishna,2,13:59:04-00:00:00,ardra,2,00:00:00-01:07:51,punarvasu,0,01:07:51-00:00:00
19/08/25,GOLDM,05/09/25,99061,98359,99400,98274,99020,25645,33267,-702,-0.71,2,tuesday,0,simha,2,ekadashi_krishna,0,00:00:00-15:33:04,dwadashi_krishna,1,15:33:04-00:00:00,mrigashira,2,00:00:00-02:06:07,ardra,2,02:06:07-00:00:00
18/08/25,GOLDM,05/09/25,99539,99020,99588,98951,99362,19836,33237,-519,-0.52,2,monday,2,simha,2,dashami_krishna,2,00:00:00-17:23:01,ekadashi_krishna,0,17:23:01-00:00:00,rohini,2,00:00:00-03:17:44,mrigashira,2,03:17:44-00:00:00
14/08/25,GOLDM,05/09/25,99543,99362,99932,99208,99656,30352,32235,-181,-0.18,2,thursday,2,karka,1,panchami_krishna,2,00:00:00-04:24:09,shashthi_krishna,1,04:24:09-00:00:00,revati,1,00:00:00-09:06:05,ashwini,1,09:06:05-00:00:00
13/08/25,GOLDM,05/09/25,99528,99656,100000,99528,99620,26569,32317,128,0.13,0,wednesday,0,karka,1,chaturthi_krishna,0,00:00:00-06:36:36,panchami_krishna,2,06:36:36-00:00:00,uttara_bhadrapada,0,00:00:00-10:32:40,revati,1,10:32:40-00:00:00
12/08/25,GOLDM,05/09/25,99848,99620,99848,99225,99785,36544,33049,-228,-0.23,2,tuesday,0,karka,1,tritiya_krishna,1,00:00:00-08:41:22,chaturthi_krishna,0,08:41:22-00:00:00,purva_bhadrapada,2,00:00:00-11:52:13,uttara_bhadrapada,0,11:52:13-00:00:00
11/08/25,GOLDM,05/09/25,100810,99785,100810,99630,101212,44871,34853,-1025,-1.02,2,monday,2,karka,1,dvitiya_krishna,2,00:00:00-10:34:15,tritiya_krishna,1,10:34:15-00:00:00,shatabhisha,0,00:00:00-13:00:32,purva_bhadrapada,2,13:00:32-00:00:00
08/08/25,GOLDM,05/09/25,101200,101212,101584,100885,100835,44871,40913,12,0.01,0,friday,0,karka,1,chaturdashi_shukla,0,00:00:00-14:12:35,purnima,1,14:12:35-00:00:00,uttara_ashadha,0,00:00:00-14:28:15,shravana,1,14:28:15-00:00:00
07/08/25,GOLDM,05/09/25,100711,100835,101519,100380,100687,54311,37932,124,0.12,0,thursday,2,karka,1,trayodashi_shukla,2,00:00:00-14:28:20,chaturdashi_shukla,0,14:28:20-00:00:00,purva_ashadha,1,00:00:00-14:01:27,uttara_ashadha,0,14:01:27-00:00:00
06/08/25,GOLDM,05/09/25,100602,100687,100800,100155,100765,36400,33304,85,0.08,0,wednesday,0,karka,1,dwadashi_shukla,1,00:00:00-14:08:51,trayodashi_shukla,2,14:08:51-00:00:00,mula,0,00:00:00-13:00:02,purva_ashadha,1,13:00:02-00:00:00
05/08/25,GOLDM,05/09/25,100649,100765,100990,99970,100607,44304,33815,116,0.12,0,tuesday,0,karka,1,ekadashi_shukla,0,00:00:00-13:12:51,dwadashi_shukla,1,13:12:51-00:00:00,jyeshtha,1,00:00:00-11:23:02,mula,0,11:23:02-00:00:00
04/08/25,GOLDM,05/09/25,99423,100607,100725,99366,99240,45987,32285,1184,1.19,1,monday,2,karka,1,dashami_shukla,2,00:00:00-11:42:12,ekadashi_shukla,0,11:42:12-00:00:00,anuradha,1,00:00:00-09:12:42,jyeshtha,1,09:12:42-00:00:00
01/08/25,GOLDM,05/09/25,98300,99240,99463,97900,98358,49842,28572,940,0.96,1,friday,0,karka,1,saptami_shukla,2,00:00:00-04:58:58,ashtami_shukla,0,04:58:58-00:00:00,chitra,0,00:00:00-00:41:57,swati,0,00:41:57-00:00:00
31/07/25,GOLDM,05/08/25,98003,97868,98280,97700,98003,1242,1781,-135,-0.14,0,thursday,2,karka,1,shashthi_shukla,1,00:00:00-02:42:07,saptami_shukla,2,02:42:07-00:00:00,chitra,0,00:00:00-00:00:00,,,
30/07/25,GOLDM,05/08/25,98455,98003,98750,97706,98125,7875,8277,-452,-0.46,2,wednesday,0,karka,1,panchami_shukla,2,00:00:00-00:47:06,shashthi_shukla,1,00:47:06-00:00:00,hasta,1,00:00:00-21:53:15,chitra,0,21:53:15-00:00:00
29/07/25,GOLDM,05/08/25,97577,98125,98244,97523,97505,19819,11607,548,0.56,1,tuesday,0,karka,1,panchami_shukla,2,00:00:00-00:00:00,,,,uttara_phalguni,0,00:00:00-19:27:45,hasta,1,19:27:45-00:00:00
28/07/25,GOLDM,05/08/25,97905,97505,98100,97255,97842,19205,16086,-400,-0.41,2,monday,2,karka,1,chaturthi_shukla,0,00:00:00-23:24:53,panchami_shukla,2,23:24:53-00:00:00,purva_phalguni,1,00:00:00-17:35:42,uttara_phalguni,0,17:35:42-00:00:00
25/07/25,GOLDM,05/08/25,98490,97842,98590,97682,98668,30927,17545,-648,-0.66,2,friday,0,karka,1,amavasya,1,00:00:00-00:41:11,pratipada_shukla,0,00:41:11-23:23:27,pushya,1,00:00:00-16:00:51,ashlesha,0,16:00:51-00:00:00
24/07/25,GOLDM,05/08/25,99010,98668,99011,98235,99304,30887,21337,-342,-0.35,2,thursday,2,karka,1,chaturdashi_krishna,0,00:00:00-02:29:14,amavasya,1,02:29:14-00:00:00,punarvasu,0,00:00:00-16:43:53,pushya,1,16:43:53-00:00:00
23/07/25,GOLDM,05/08/25,100157,99304,100421,99123,100168,39711,25670,-853,-0.85,2,wednesday,0,karka,1,trayodashi_krishna,2,00:00:00-04:40:08,chaturdashi_krishna,0,04:40:08-00:00:00,ardra,2,00:00:00-17:54:33,punarvasu,0,17:54:33-00:00:00
22/07/25,GOLDM,05/08/25,99350,100168,100238,98960,99217,41357,31519,818,0.82,1,tuesday,0,karka,1,dwadashi_krishna,1,00:00:00-07:06:03,trayodashi_krishna,2,07:06:03-00:00:00,mrigashira,2,00:00:00-19:24:59,ardra,2,19:24:59-00:00:00
21/07/25,GOLDM,05/08/25,97965,99217,99348,97965,97965,39403,29774,1252,1.28,1,monday,2,karka,1,ekadashi_krishna,0,00:00:00-09:39:27,dwadashi_krishna,1,09:39:27-00:00:00,rohini,2,00:00:00-21:07:10,mrigashira,2,21:07:10-00:00:00
18/07/25,GOLDM,05/08/25,96968,97965,98100,96967,97454,26856,27917,997,1.03,1,friday,0,karka,1,ashtami_krishna,0,00:00:00-17:02:20,navami_krishna,1,17:02:20-00:00:00,revati,1,00:00:00-03:39:14,ashwini,1,03:39:14-00:00:00
17/07/25,GOLDM,05/08/25,97482,97454,97634,96838,97758,33760,29694,-28,-0.03,0,thursday,2,karka,1,saptami_krishna,2,00:00:00-19:09:35,ashtami_krishna,0,19:09:35-00:00:00,uttara_bhadrapada,0,00:00:00-04:50:34,revati,1,04:50:34-00:00:00
16/07/25,GOLDM,05/08/25,97011,97758,98239,96600,97214,40993,28595,747,0.77,1,wednesday,0,mithun,0,shashthi_krishna,1,00:00:00-21:02:24,saptami_krishna,2,21:02:24-00:00:00,purva_bhadrapada,2,00:00:00-05:46:38,uttara_bhadrapada,0,05:46:38-00:00:00
15/07/25,GOLDM,05/08/25,97779,97214,98045,97027,97749,36738,30250,-565,-0.58,2,tuesday,0,mithun,0,chaturthi_krishna,0,00:00:00-00:00:10,panchami_krishna,2,00:00:10-22:39:34,shatabhisha,0,00:00:00-06:26:29,purva_bhadrapada,2,06:26:29-00:00:00
14/07/25,GOLDM,05/08/25,97799,97749,98398,97501,97759,30766,31270,-50,-0.05,0,monday,2,mithun,0,tritiya_krishna,1,00:00:00-01:03:08,chaturthi_krishna,0,01:03:08-00:00:00,dhanishtha,1,00:00:00-06:49:08,shatabhisha,0,06:49:08-00:00:00
11/07/25,GOLDM,05/08/25,96938,97759,97993,96938,96678,44005,31458,821,0.85,1,friday,0,mithun,0,purnima,1,00:00:00-02:06:48,pratipada_krishna,0,02:06:48-00:00:00,purva_ashadha,1,00:00:00-05:56:18,uttara_ashadha,0,05:56:18-00:00:00
10/07/25,GOLDM,05/08/25,96540,96678,96944,96359,96451,28271,36435,138,0.14,0,thursday,2,mithun,0,chaturdashi_shukla,0,00:00:00-01:37:27,purnima,1,01:37:27-00:00:00,mula,0,00:00:00-04:49:58,purva_ashadha,1,04:49:58-00:00:00
09/07/25,GOLDM,05/08/25,96600,96451,96600,95836,96485,32799,37850,-149,-0.15,0,wednesday,0,mithun,0,trayodashi_shukla,2,00:00:00-00:38:52,chaturdashi_shukla,0,00:38:52-00:00:00,jyeshtha,1,00:00:00-03:15:18,mula,0,03:15:18-00:00:00
08/07/25,GOLDM,05/08/25,97001,96485,97228,96051,97231,38763,37517,-516,-0.53,2,tuesday,0,mithun,0,trayodashi_shukla,2,00:00:00-00:00:00,,,,anuradha,1,00:00:00-01:11:53,jyeshtha,1,01:11:53-00:00:00
07/07/25,GOLDM,05/08/25,96500,97231,97289,96350,96967,30663,35069,731,0.76,1,monday,2,mithun,0,dwadashi_shukla,1,00:00:00-23:10:45,trayodashi_shukla,2,23:10:45-00:00:00,anuradha,1,00:00:00-00:00:00,,,
04/07/25,GOLDM,05/08/25,96894,96967,97100,96801,96801,16898,35026,73,0.08,0,friday,0,mithun,0,navami_shukla,1,00:00:00-16:32:18,dashami_shukla,2,16:32:18-00:00:00,chitra,0,00:00:00-16:50:10,swati,0,16:50:10-00:00:00
03/07/25,GOLDM,05/08/25,97499,96801,97795,96465,97351,46469,34577,-698,-0.72,2,thursday,2,mithun,0,ashtami_shukla,0,00:00:00-14:07:19,navami_shukla,1,14:07:19-00:00:00,hasta,1,00:00:00-13:50:43,chitra,0,13:50:43-00:00:00
02/07/25,GOLDM,05/08/25,97198,97351,97459,96962,97239,31271,34166,153,0.16,1,wednesday,0,mithun,0,saptami_shukla,2,00:00:00-11:59:02,ashtami_shukla,0,11:59:02-00:00:00,uttara_phalguni,0,00:00:00-11:07:28,hasta,1,11:07:28-00:00:00
01/07/25,GOLDM,05/08/25,96298,97239,97623,96298,96090,46217,32248,941,0.98,1,tuesday,0,mithun,0,shashthi_shukla,1,00:00:00-10:21:10,saptami_shukla,2,10:21:10-00:00:00,purva_phalguni,1,00:00:00-08:54:00,uttara_phalguni,0,08:54:00-00:00:00
30/06/25,GOLDM,04/07/25,95100,95678,95765,94778,94908,9095,10325,578,0.61,1,monday,2,mithun,0,panchami_shukla,2,00:00:00-09:24:26,shashthi_shukla,1,09:24:26-00:00:00,magha,0,00:00:00-07:20:54,purva_phalguni,1,07:20:54-00:00:00
27/06/25,GOLDM,04/07/25,95910,94908,95910,94518,96452,27196,12564,-1002,-1.04,2,friday,0,mithun,0,dvitiya_shukla,2,00:00:00-11:19:53,tritiya_shukla,1,11:19:53-00:00:00,punarvasu,0,00:00:00-07:22:02,pushya,1,07:22:02-00:00:00
26/06/25,GOLDM,04/07/25,97010,96452,97079,96028,96760,20511,17388,-558,-0.58,2,thursday,2,mithun,0,pratipada_shukla,0,00:00:00-13:25:03,dvitiya_shukla,2,13:25:03-00:00:00,ardra,2,00:00:00-08:46:38,punarvasu,0,08:46:38-00:00:00
25/06/25,GOLDM,04/07/25,96926,96760,96999,96483,96521,25767,19382,-166,-0.17,2,wednesday,0,mithun,0,amavasya,1,00:00:00-16:01:37,pratipada_shukla,0,16:01:37-00:00:00,mrigashira,2,00:00:00-10:40:45,ardra,2,10:40:45-00:00:00
24/06/25,GOLDM,04/07/25,98111,96521,98294,96265,98852,46784,21424,-1590,-1.62,2,tuesday,0,mithun,0,chaturdashi_krishna,0,00:00:00-18:59:59,amavasya,1,18:59:59-00:00:00,rohini,2,00:00:00-12:54:18,mrigashira,2,12:54:18-00:00:00
23/06/25,GOLDM,04/07/25,98573,98852,99231,98350,98574,37025,22870,279,0.28,1,monday,2,mithun,0,dwadashi_krishna,1,00:00:00-01:22:32,trayodashi_krishna,2,01:22:32-22:10:11,krittika,0,00:00:00-15:16:55,rohini,2,15:16:55-00:00:00
20/06/25,GOLDM,04/07/25,98680,98574,98680,98017,98868,32491,24246,-106,-0.11,0,friday,0,mithun,0,navami_krishna,1,00:00:00-09:49:59,dashami_krishna,2,09:49:59-00:00:00,revati,1,00:00:00-21:45:03,ashwini,1,21:45:03-00:00:00
19/06/25,GOLDM,04/07/25,98800,98868,99040,98254,99045,33811,24222,68,0.07,0,thursday,2,mithun,0,ashtami_krishna,0,00:00:00-11:56:04,navami_krishna,1,11:56:04-00:00:00,purva_bhadrapada,2,00:00:00-00:23:04,uttara_bhadrapada,0,00:23:04-23:17:02
18/06/25,GOLDM,04/07/25,98905,99045,99250,98617,98911,34285,26412,140,0.14,0,wednesday,0,mithun,0,saptami_krishna,2,00:00:00-13:35:17,ashtami_krishna,0,13:35:17-00:00:00,shatabhisha,0,00:00:00-01:01:53,purva_bhadrapada,2,01:01:53-00:00:00
17/06/25,GOLDM,04/07/25,98440,98911,99090,98260,98594,38156,27147,471,0.48,1,tuesday,0,mithun,0,shashthi_krishna,1,00:00:00-14:47:05,saptami_krishna,2,14:47:05-00:00:00,dhanishtha,1,00:00:00-01:13:46,shatabhisha,0,01:13:46-00:00:00
16/06/25,GOLDM,04/07/25,99818,98594,99929,98251,99555,43351,28710,-1224,-1.23,2,monday,2,mithun,0,panchami_krishna,2,00:00:00-15:32:08,shashthi_krishna,1,15:32:08-00:00:00,shravana,1,00:00:00-00:59:58,dhanishtha,1,00:59:58-00:00:00
13/06/25,GOLDM,04/07/25,98190,99555,99890,98190,97786,56997,31998,1365,1.39,1,friday,0,vrishabh,0,dvitiya_krishna,2,00:00:00-15:19:21,tritiya_krishna,1,15:19:21-00:00:00,purva_ashadha,1,00:00:00-23:20:55,uttara_ashadha,0,23:20:55-00:00:00
12/06/25,GOLDM,04/07/25,96789,97786,98000,96789,96267,58023,30717,997,1.03,1,thursday,2,vrishabh,0,pratipada_krishna,0,00:00:00-14:28:17,dvitiya_krishna,2,14:28:17-00:00:00,mula,0,00:00:00-21:57:13,purva_ashadha,1,21:57:13-00:00:00
11/06/25,GOLDM,04/07/25,96668,96267,97091,96190,96442,41023,27146,-401,-0.41,2,wednesday,0,vrishabh,0,purnima,1,00:00:00-13:13:50,pratipada_krishna,0,13:13:50-00:00:00,jyeshtha,1,00:00:00-20:10:52,mula,0,20:10:52-00:00:00
10/06/25,GOLDM,04/07/25,96477,96442,96950,95877,96703,39304,26649,-35,-0.04,0,tuesday,0,vrishabh,0,chaturdashi_shukla,0,00:00:00-11:36:08,purnima,1,11:36:08-00:00:00,anuradha,1,00:00:00-18:01:55,jyeshtha,1,18:01:55-00:00:00
09/06/25,GOLDM,04/07/25,96408,96703,96827,95856,96645,33278,25984,295,0.31,1,monday,2,vrishabh,0,trayodashi_shukla,2,00:00:00-09:36:31,chaturdashi_shukla,0,09:36:31-00:00:00,vishakha,2,00:00:00-15:31:21,anuradha,1,15:31:21-00:00:00
06/06/25,GOLDM,04/07/25,97597,96645,98076,96460,97415,46210,25732,-952,-0.98,2,friday,0,vrishabh,0,dashami_shukla,2,00:00:00-02:16:29,ekadashi_shukla,0,02:16:29-00:00:00,hasta,1,00:00:00-06:33:54,chitra,0,06:33:54-00:00:00
05/06/25,GOLDM,04/07/25,97870,97415,98658,97120,97973,55501,27225,-455,-0.46,2,thursday,2,vrishabh,0,dashami_shukla,2,00:00:00-00:00:00,,,,uttara_phalguni,0,00:00:00-03:35:45,hasta,1,03:35:45-00:00:00
04/06/25,GOLDM,04/07/25,97397,97973,98052,97150,97208,39705,30936,576,0.59,1,wednesday,0,vrishabh,0,navami_shukla,1,00:00:00-23:54:45,dashami_shukla,2,23:54:45-00:00:00,purva_phalguni,1,00:00:00-00:58:45,uttara_phalguni,0,00:58:45-00:00:00
03/06/25,GOLDM,04/07/25,97250,97208,97429,96760,97393,29688,28114,-42,-0.04,0,tuesday,0,vrishabh,0,ashtami_shukla,0,00:00:00-21:56:53,navami_shukla,1,21:56:53-00:00:00,purva_phalguni,1,00:00:00-00:00:00,,,
02/06/25,GOLDM,04/07/25,95673,97393,97478,95660,95447,51925,28575,1720,1.8,1,monday,2,vrishabh,0,saptami_shukla,2,00:00:00-20:35:29,ashtami_shukla,0,20:35:29-00:00:00,magha,0,00:00:00-22:55:41,purva_phalguni,1,22:55:41-00:00:00
30/05/25,GOLDM,05/06/25,94820,94712,95190,94418,95295,7692,3234,-108,-0.11,0,friday,0,vrishabh,0,chaturthi_shukla,0,00:00:00-21:23:15,panchami_shukla,2,21:23:15-00:00:00,punarvasu,0,00:00:00-21:29:17,pushya,1,21:29:17-00:00:00
29/05/25,GOLDM,05/06/25,94940,95295,95600,94451,95177,25080,6519,355,0.37,1,thursday,2,vrishabh,0,dvitiya_shukla,2,00:00:00-01:54:55,tritiya_shukla,1,01:54:55-23:18:37,mrigashira,2,00:00:00-00:29:09,ardra,2,00:29:09-22:38:50
28/05/25,GOLDM,05/06/25,94941,95177,95750,94940,95055,19680,11952,236,0.25,1,wednesday,0,vrishabh,0,pratipada_shukla,0,00:00:00-05:02:59,dvitiya_shukla,2,05:02:59-00:00:00,rohini,2,00:00:00-02:50:45,mrigashira,2,02:50:45-00:00:00
27/05/25,GOLDM,05/06/25,95782,95055,96004,94905,95814,29463,15367,-727,-0.76,2,tuesday,0,vrishabh,0,amavasya,1,00:00:00-08:32:23,pratipada_shukla,0,08:32:23-00:00:00,krittika,0,00:00:00-05:32:47,rohini,2,05:32:47-00:00:00
26/05/25,GOLDM,05/06/25,95867,95814,95991,95390,96210,23656,18149,-53,-0.06,0,monday,2,vrishabh,0,chaturdashi_krishna,0,00:00:00-12:12:12,amavasya,1,12:12:12-00:00:00,bharani,1,00:00:00-08:23:47,krittika,0,08:23:47-00:00:00
23/05/25,GOLDM,05/06/25,95529,96210,96359,95440,95461,36730,18997,681,0.71,1,friday,0,vrishabh,0,dashami_krishna,2,00:00:00-01:12:39,ekadashi_krishna,0,01:12:39-22:30:14,uttara_bhadrapada,0,00:00:00-16:02:29,revati,1,16:02:29-00:00:00
22/05/25,GOLDM,05/06/25,95900,95461,96243,95120,95473,47922,18780,-439,-0.46,2,thursday,2,vrishabh,0,navami_krishna,1,00:00:00-03:22:21,dashami_krishna,2,03:22:21-00:00:00,purva_bhadrapada,2,00:00:00-17:47:24,uttara_bhadrapada,0,17:47:24-00:00:00
21/05/25,GOLDM,05/06/25,95000,95473,95640,94922,94761,37674,21049,473,0.5,1,wednesday,0,vrishabh,0,ashtami_krishna,0,00:00:00-04:55:56,navami_krishna,1,04:55:56-00:00:00,shatabhisha,0,00:00:00-18:58:12,purva_bhadrapada,2,18:58:12-00:00:00
20/05/25,GOLDM,05/06/25,93010,94761,94800,92800,93314,48431,22787,1751,1.88,1,tuesday,0,vrishabh,0,saptami_krishna,2,00:00:00-05:52:12,ashtami_krishna,0,05:52:12-00:00:00,dhanishtha,1,00:00:00-19:32:24,shatabhisha,0,19:32:24-00:00:00
19/05/25,GOLDM,05/06/25,92871,93314,93790,92871,92443,39790,21817,443,0.48,1,monday,2,vrishabh,0,shashthi_krishna,1,00:00:00-06:12:06,saptami_krishna,2,06:12:06-00:00:00,shravana,1,00:00:00-19:29:55,dhanishtha,1,19:29:55-00:00:00
16/05/25,GOLDM,05/06/25,92889,92443,93549,91668,93155,61604,24548,-446,-0.48,2,friday,0,vrishabh,0,tritiya_krishna,1,00:00:00-04:03:24,chaturthi_krishna,0,04:03:24-00:00:00,mula,0,00:00:00-16:07:46,purva_ashadha,1,16:07:46-00:00:00
15/05/25,GOLDM,05/06/25,91960,93155,93417,90970,92305,64255,24900,1195,1.3,1,thursday,2,vrishabh,0,dvitiya_krishna,2,00:00:00-02:29:44,tritiya_krishna,1,02:29:44-00:00:00,jyeshtha,1,00:00:00-14:07:42,mula,0,14:07:42-00:00:00
14/05/25,GOLDM,05/06/25,93439,92305,93650,92076,93659,50124,28028,-1134,-1.21,2,wednesday,0,mesh,1,pratipada_krishna,0,00:00:00-00:36:13,dvitiya_krishna,2,00:36:13-00:00:00,anuradha,1,00:00:00-11:47:11,jyeshtha,1,11:47:11-00:00:00
13/05/25,GOLDM,05/06/25,93000,93659,94163,92910,92948,42601,23395,659,0.71,1,tuesday,0,mesh,1,pratipada_krishna,0,00:00:00-00:00:00,,,,vishakha,2,00:00:00-09:09:17,anuradha,1,09:09:17-00:00:00
12/05/25,GOLDM,05/06/25,95840,92948,95840,92460,96490,68480,25793,-2892,-3.02,2,monday,2,mesh,1,purnima,1,00:00:00-22:25:54,pratipada_krishna,0,22:25:54-00:00:00,swati,0,00:00:00-06:17:17,vishakha,2,06:17:17-00:00:00
09/05/25,GOLDM,05/06/25,96081,96490,96733,95831,96153,36158,25199,409,0.43,1,friday,0,mesh,1,dwadashi_shukla,1,00:00:00-14:56:39,trayodashi_shukla,2,14:56:39-00:00:00,hasta,1,00:00:00-00:00:00,,,
08/05/25,GOLDM,05/06/25,97200,96153,97299,95364,97065,71860,25087,-1047,-1.08,2,thursday,2,mesh,1,ekadashi_shukla,0,00:00:00-12:29:48,dwadashi_shukla,1,12:29:48-00:00:00,uttara_phalguni,0,00:00:00-21:06:33,hasta,1,21:06:33-00:00:00
07/05/25,GOLDM,05/06/25,96666,97065,97375,96518,97460,37216,27201,399,0.41,1,wednesday,0,mesh,1,dashami_shukla,2,00:00:00-10:20:17,ekadashi_shukla,0,10:20:17-00:00:00,purva_phalguni,1,00:00:00-18:17:14,uttara_phalguni,0,18:17:14-00:00:00
06/05/25,GOLDM,05/06/25,94978,97460,97500,94978,94667,49584,28279,2482,2.61,1,tuesday,0,mesh,1,navami_shukla,1,00:00:00-08:39:05,dashami_shukla,2,08:39:05-00:00:00,magha,0,00:00:00-15:52:00,purva_phalguni,1,15:52:00-00:00:00
05/05/25,GOLDM,05/06/25,93311,94667,94842,92956,92692,41560,26837,1356,1.45,1,monday,2,mesh,1,ashtami_shukla,0,00:00:00-07:36:16,navami_shukla,1,07:36:16-00:00:00,ashlesha,0,00:00:00-14:01:17,magha,0,14:01:17-00:00:00
02/05/25,GOLDM,05/06/25,92948,92692,93446,92425,92382,52253,27619,-256,-0.28,2,friday,0,mesh,1,panchami_shukla,2,00:00:00-09:15:11,shashthi_shukla,1,09:15:11-00:00:00,ardra,2,00:00:00-13:04:10,punarvasu,0,13:04:10-00:00:00
01/05/25,GOLDM,05/06/25,94002,92382,95155,91880,94718,38519,28230,-1620,-1.72,2,thursday,2,mesh,1,chaturthi_shukla,0,00:00:00-11:24:07,panchami_shukla,2,11:24:07-00:00:00,mrigashira,2,00:00:00-14:20:51,ardra,2,14:20:51-00:00:00
30/04/25,GOLDM,05/05/25,95283,94565,95456,93570,95559,1811,1368,-718,-0.75,2,wednesday,0,mesh,1,tritiya_shukla,1,00:00:00-14:12:30,chaturthi_shukla,0,14:12:30-00:00:00,rohini,2,00:00:00-16:18:04,mrigashira,2,16:18:04-00:00:00
29/04/25,GOLDM,05/05/25,95303,95559,95856,95097,96159,5766,7133,256,0.27,1,tuesday,0,mesh,1,dvitiya_shukla,2,00:00:00-17:31:36,tritiya_shukla,1,17:31:36-00:00:00,krittika,0,00:00:00-18:47:08,rohini,2,18:47:08-00:00:00
28/04/25,GOLDM,05/05/25,94809,96159,96262,94300,95071,27164,10116,1350,1.42,1,monday,2,mesh,1,amavasya,1,00:00:00-01:01:12,pratipada_shukla,0,01:01:12-21:11:23,ashwini,1,00:00:00-00:38:50,bharani,1,00:38:50-21:37:46
25/04/25,GOLDM,05/05/25,95977,95071,96101,94268,95807,36140,15106,-906,-0.94,2,friday,0,mesh,1,dwadashi_krishna,1,00:00:00-11:45:14,trayodashi_krishna,2,11:45:14-00:00:00,purva_bhadrapada,2,00:00:00-08:53:39,uttara_bhadrapada,0,08:53:39-00:00:00
24/04/25,GOLDM,05/05/25,95200,95807,95997,95050,94530,42952,17738,607,0.64,1,thursday,2,mesh,1,ekadashi_krishna,0,00:00:00-14:32:45,dwadashi_krishna,1,14:32:45-00:00:00,shatabhisha,0,00:00:00-10:49:22,purva_bhadrapada,2,10:49:22-00:00:00
23/04/25,GOLDM,05/05/25,96000,94530,96000,93896,97057,68188,18402,-1470,-1.53,2,wednesday,0,mesh,1,dashami_krishna,2,00:00:00-16:43:47,ekadashi_krishna,0,16:43:47-00:00:00,dhanishtha,1,00:00:00-12:07:41,shatabhisha,0,12:07:41-00:00:00
22/04/25,GOLDM,05/05/25,96964,97057,99704,96303,96800,80406,23318,93,0.1,0,tuesday,0,mesh,1,navami_krishna,1,00:00:00-18:13:24,dashami_krishna,2,18:13:24-00:00:00,shravana,1,00:00:00-12:44:14,dhanishtha,1,12:44:14-00:00:00
21/04/25,GOLDM,05/05/25,95550,96800,96900,94037,94784,35929,26891,1250,1.31,1,monday,2,mesh,1,ashtami_krishna,0,00:00:00-18:59:08,navami_krishna,1,18:59:08-00:00:00,uttara_ashadha,0,00:00:00-12:37:25,shravana,1,12:37:25-00:00:00
17/04/25,GOLDM,05/05/25,95345,94784,95476,93856,95163,49630,24406,-561,-0.59,2,thursday,2,mesh,1,chaturthi_krishna,0,00:00:00-15:23:54,panchami_krishna,2,15:23:54-00:00:00,anuradha,1,00:00:00-05:55:14,jyeshtha,1,05:55:14-00:00:00
16/04/25,GOLDM,05/05/25,93550,95163,95268,93550,93071,46672,25111,1613,1.72,1,wednesday,0,mesh,1,tritiya_krishna,1,00:00:00-13:17:38,chaturthi_krishna,0,13:17:38-00:00:00,vishakha,2,00:00:00-03:10:32,anuradha,1,03:10:32-00:00:00
15/04/25,GOLDM,05/05/25,92835,93071,93165,92625,92835,22481,22666,236,0.25,1,tuesday,0,mesh,1,dvitiya_krishna,2,00:00:00-10:56:00,tritiya_krishna,1,10:56:00-00:00:00,swati,0,00:00:00-00:13:41,vishakha,2,00:13:41-00:00:00
14/04/25,GOLDM,05/05/25,93549,92835,93549,92334,93280,24038,23344,-714,-0.76,2,monday,2,mesh,1,pratipada_krishna,0,00:00:00-08:25:31,dvitiya_krishna,2,08:25:31-00:00:00,swati,0,00:00:00-00:00:00,,,
11/04/25,GOLDM,05/05/25,91999,93280,93484,91999,91646,48636,23578,1281,1.39,1,friday,0,meena,0,trayodashi_shukla,2,00:00:00-01:01:08,chaturdashi_shukla,0,01:01:08-00:00:00,uttara_phalguni,0,00:00:00-15:10:24,hasta,1,15:10:24-00:00:00
10/04/25,GOLDM,05/05/25,90439,91646,91948,90240,89489,34870,22748,1207,1.33,1,thursday,2,meena,0,trayodashi_shukla,2,00:00:00-00:00:00,,,,purva_phalguni,1,00:00:00-12:24:40,uttara_phalguni,0,12:24:40-00:00:00
09/04/25,GOLDM,05/05/25,87650,89489,90439,87650,87449,67769,18561,1839,2.1,1,wednesday,0,meena,0,dwadashi_shukla,1,00:00:00-22:55:56,trayodashi_shukla,2,22:55:56-00:00:00,magha,0,00:00:00-09:57:16,purva_phalguni,1,09:57:16-00:00:00
08/04/25,GOLDM,05/05/25,87148,87449,88145,87148,86819,34767,15680,301,0.35,1,tuesday,0,meena,0,ekadashi_shukla,0,00:00:00-21:13:27,dwadashi_shukla,1,21:13:27-00:00:00,ashlesha,0,00:00:00-07:55:06,magha,0,07:55:06-00:00:00
07/04/25,GOLDM,05/05/25,88001,86819,88569,86651,87940,53976,17603,-1182,-1.34,2,monday,2,meena,0,dashami_shukla,2,00:00:00-20:00:35,ekadashi_shukla,0,20:00:35-00:00:00,pushya,1,00:00:00-06:24:53,ashlesha,0,06:24:53-00:00:00
04/04/25,GOLDM,05/05/25,89237,87940,90407,87773,89763,74078,17498,-1297,-1.45,2,friday,0,meena,0,saptami_shukla,2,00:00:00-20:13:10,ashtami_shukla,0,20:13:10-00:00:00,mrigashira,2,00:00:00-05:51:13,ardra,2,05:51:13-00:00:00
03/04/25,GOLDM,05/05/25,90630,89763,90937,88512,90364,76839,20372,-867,-0.96,2,thursday,2,meena,0,shashthi_shukla,1,00:00:00-21:41:53,saptami_shukla,2,21:41:53-00:00:00,rohini,2,00:00:00-07:02:26,mrigashira,2,07:02:26-00:00:00
02/04/25,GOLDM,05/05/25,90710,90364,90749,90128,90409,24651,21762,-346,-0.38,2,wednesday,0,meena,0,chaturthi_shukla,0,00:00:00-02:32:54,panchami_shukla,2,02:32:54-23:50:13,krittika,0,00:00:00-08:49:50,rohini,2,08:49:50-00:00:00
01/04/25,GOLDM,05/05/25,90360,90409,90920,90011,90216,28184,20729,49,0.05,0,tuesday,0,meena,0,tritiya_shukla,1,00:00:00-05:42:49,chaturthi_shukla,0,05:42:49-00:00:00,bharani,1,00:00:00-11:06:49,krittika,0,11:06:49-00:00:00
31/03/25,GOLDM,04/04/25,88887,90138,90298,88887,88759,3264,3841,1251,1.41,1,monday,2,meena,0,dvitiya_shukla,2,00:00:00-09:11:34,tritiya_shukla,1,09:11:34-00:00:00,ashwini,1,00:00:00-13:45:03,bharani,1,13:45:03-00:00:00
28/03/25,GOLDM,04/04/25,88280,88759,88850,88280,88213,16479,5478,479,0.54,1,friday,0,meena,0,chaturdashi_krishna,0,00:00:00-19:55:46,amavasya,1,19:55:46-00:00:00,shatabhisha,0,00:00:00-00:33:47,purva_bhadrapada,2,00:33:47-22:09:37
27/03/25,GOLDM,04/04/25,87666,88213,88375,87665,87506,19889,9589,547,0.62,1,thursday,2,meena,0,dwadashi_krishna,1,00:00:00-01:43:18,trayodashi_krishna,2,01:43:18-23:03:56,dhanishtha,1,00:00:00-02:29:48,shatabhisha,0,02:29:48-00:00:00
26/03/25,GOLDM,04/04/25,87552,87506,87844,87341,87566,17163,11438,-46,-0.05,0,wednesday,0,meena,0,ekadashi_krishna,0,00:00:00-03:45:58,dwadashi_krishna,1,03:45:58-00:00:00,shravana,1,00:00:00-03:49:35,dhanishtha,1,03:49:35-00:00:00
25/03/25,GOLDM,04/04/25,86802,87566,87949,86802,87313,16920,12622,764,0.88,1,tuesday,0,meena,0,dashami_krishna,2,00:00:00-05:05:40,ekadashi_krishna,0,05:05:40-00:00:00,uttara_ashadha,0,00:00:00-04:26:58,shravana,1,04:26:58-00:00:00
24/03/25,GOLDM,04/04/25,87879,87313,87930,87191,87785,17733,14868,-566,-0.64,2,monday,2,meena,0,navami_krishna,1,00:00:00-05:38:36,dashami_krishna,2,05:38:36-00:00:00,purva_ashadha,1,00:00:00-04:18:26,uttara_ashadha,0,04:18:26-00:00:00
21/03/25,GOLDM,04/04/25,88450,87785,88483,87355,88646,26283,17008,-665,-0.75,2,friday,0,meena,0,shashthi_krishna,1,00:00:00-02:45:54,saptami_krishna,2,02:45:54-00:00:00,jyeshtha,1,00:00:00-00:00:00,,,
20/03/25,GOLDM,04/04/25,88850,88646,89000,88320,88564,18484,19739,-204,-0.23,2,thursday,2,meena,0,panchami_krishna,2,00:00:00-00:37:31,shashthi_krishna,1,00:37:31-00:00:00,anuradha,1,00:00:00-23:31:44,jyeshtha,1,23:31:44-00:00:00
19/03/25,GOLDM,04/04/25,88776,88564,88968,88405,88660,19141,20291,-212,-0.24,2,wednesday,0,meena,0,panchami_krishna,2,00:00:00-00:00:00,,,,vishakha,2,00:00:00-20:50:14,anuradha,1,20:50:14-00:00:00
18/03/25,GOLDM,04/04/25,88299,88660,88775,88241,87976,22231,21524,361,0.41,1,tuesday,0,meena,0,chaturthi_krishna,0,00:00:00-22:09:48,panchami_krishna,2,22:09:48-00:00:00,swati,0,00:00:00-17:51:54,vishakha,2,17:51:54-00:00:00
17/03/25,GOLDM,04/04/25,87701,87976,88125,87679,87924,17635,21256,275,0.31,1,monday,2,meena,0,tritiya_krishna,1,00:00:00-19:33:34,chaturthi_krishna,0,19:33:34-00:00:00,chitra,0,00:00:00-14:47:11,swati,0,14:47:11-00:00:00
14/03/25,GOLDM,04/04/25,87909,87924,88248,87627,87694,12655,21737,15,0.02,0,friday,0,kumbha,1,purnima,1,00:00:00-12:24:40,pratipada_krishna,0,12:24:40-00:00:00,purva_phalguni,1,00:00:00-06:19:39,uttara_phalguni,0,06:19:39-00:00:00
13/03/25,GOLDM,04/04/25,86746,87694,87796,86530,86661,26749,22272,948,1.09,1,thursday,2,kumbha,1,chaturdashi_shukla,0,00:00:00-10:36:23,purnima,1,10:36:23-00:00:00,magha,0,00:00:00-04:05:41,purva_phalguni,1,04:05:41-00:00:00
12/03/25,GOLDM,04/04/25,86197,86661,86700,85845,86113,26010,20670,464,0.54,1,wednesday,0,kumbha,1,trayodashi_shukla,2,00:00:00-09:12:10,chaturdashi_shukla,0,09:12:10-00:00:00,ashlesha,0,00:00:00-02:15:30,magha,0,02:15:30-00:00:00
11/03/25,GOLDM,04/04/25,85656,86113,86171,85520,85460,18913,19867,457,0.53,1,tuesday,0,kumbha,1,dwadashi_shukla,1,00:00:00-08:14:28,trayodashi_shukla,2,08:14:28-00:00:00,pushya,1,00:00:00-00:51:27,ashlesha,0,00:51:27-00:00:00
10/03/25,GOLDM,04/04/25,85850,85460,86110,85352,85896,23266,20296,-390,-0.45,2,monday,2,kumbha,1,ekadashi_shukla,0,00:00:00-07:45:11,dwadashi_shukla,1,07:45:11-00:00:00,pushya,1,00:00:00-00:00:00,,,
07/03/25,GOLDM,04/04/25,85799,85896,86315,85703,86002,26919,19417,97,0.11,0,friday,0,kumbha,1,ashtami_shukla,0,00:00:00-09:19:08,navami_shukla,1,09:19:08-00:00:00,rohini,2,00:00:00-00:05:42,mrigashira,2,00:05:42-23:32:05
06/03/25,GOLDM,04/04/25,86089,86002,86148,85400,85848,24359,19070,-87,-0.1,0,thursday,2,kumbha,1,saptami_shukla,2,00:00:00-10:51:24,ashtami_shukla,0,10:51:24-00:00:00,krittika,0,00:00:00-01:08:24,rohini,2,01:08:24-00:00:00
05/03/25,GOLDM,04/04/25,86250,85848,86250,85450,86007,26706,18881,-402,-0.47,2,wednesday,0,kumbha,1,shashthi_shukla,1,00:00:00-12:51:49,saptami_shukla,2,12:51:49-00:00:00,bharani,1,00:00:00-02:37:44,krittika,0,02:37:44-00:00:00
04/03/25,GOLDM,04/04/25,85391,86007,86286,85346,85355,27305,19120,616,0.72,1,tuesday,0,kumbha,1,panchami_shukla,2,00:00:00-15:17:06,shashthi_shukla,1,15:17:06-00:00:00,ashwini,1,00:00:00-04:29:47,bharani,1,04:29:47-00:00:00
03/03/25,GOLDM,04/04/25,84470,85355,85399,84470,84269,22181,18899,885,1.05,1,monday,2,kumbha,1,chaturthi_shukla,0,00:00:00-18:02:37,panchami_shukla,2,18:02:37-00:00:00,revati,1,00:00:00-06:39:14,ashwini,1,06:39:14-00:00:00
28/02/25,GOLDM,05/03/25,85017,84295,85055,84116,85123,1488,1433,-722,-0.85,2,friday,0,kumbha,1,amavasya,1,00:00:00-06:14:48,pratipada_shukla,0,06:14:48-00:00:00,shatabhisha,0,00:00:00-13:40:28,purva_bhadrapada,2,13:40:28-00:00:00
27/02/25,GOLDM,05/03/25,85736,85123,85875,84780,85837,5943,3210,-613,-0.71,2,thursday,2,kumbha,1,chaturdashi_krishna,0,00:00:00-08:55:07,amavasya,1,08:55:07-00:00:00,dhanishtha,1,00:00:00-15:43:43,shatabhisha,0,15:43:43-00:00:00
26/02/25,GOLDM,05/03/25,85941,85837,85941,85300,85589,10503,6275,-104,-0.12,0,wednesday,0,kumbha,1,trayodashi_krishna,2,00:00:00-11:08:55,chaturdashi_krishna,0,11:08:55-00:00:00,shravana,1,00:00:00-17:23:22,dhanishtha,1,17:23:22-00:00:00
25/02/25,GOLDM,05/03/25,86177,85589,86380,85130,86030,23226,10233,-588,-0.68,2,tuesday,0,kumbha,1,dwadashi_krishna,1,00:00:00-12:47:57,trayodashi_krishna,2,12:47:57-00:00:00,uttara_ashadha,0,00:00:00-18:30:54,shravana,1,18:30:54-00:00:00
24/02/25,GOLDM,05/03/25,85847,86030,86240,85730,85795,22067,14312,183,0.21,1,monday,2,kumbha,1,ekadashi_krishna,0,00:00:00-13:45:20,dwadashi_krishna,1,13:45:20-00:00:00,purva_ashadha,1,00:00:00-18:59:04,uttara_ashadha,0,18:59:04-00:00:00
21/02/25,GOLDM,05/03/25,85630,85795,85850,85325,85830,17775,14547,165,0.19,1,friday,0,kumbha,1,ashtami_krishna,0,00:00:00-11:58:11,navami_krishna,1,11:58:11-00:00:00,anuradha,1,00:00:00-15:54:03,jyeshtha,1,15:54:03-00:00:00
20/02/25,GOLDM,05/03/25,86280,85830,86339,85400,85719,20977,16008,-450,-0.52,2,thursday,2,kumbha,1,saptami_krishna,2,00:00:00-09:58:45,ashtami_krishna,0,09:58:45-00:00:00,vishakha,2,00:00:00-13:30:19,anuradha,1,13:30:19-00:00:00
19/02/25,GOLDM,05/03/25,85730,85719,86350,85610,85742,25200,17696,-11,-0.01,0,wednesday,0,kumbha,1,shashthi_krishna,1,00:00:00-07:32:44,saptami_krishna,2,07:32:44-00:00:00,swati,0,00:00:00-10:39:46,vishakha,2,10:39:46-00:00:00
18/02/25,GOLDM,05/03/25,84967,85742,85775,84966,84759,19944,20811,775,0.91,1,tuesday,0,kumbha,1,panchami_krishna,2,00:00:00-04:53:53,shashthi_krishna,1,04:53:53-00:00:00,chitra,0,00:00:00-07:35:34,swati,0,07:35:34-00:00:00
17/02/25,GOLDM,05/03/25,84791,84759,84895,84346,84331,15711,19054,-32,-0.04,0,monday,2,kumbha,1,chaturthi_krishna,0,00:00:00-02:16:24,panchami_krishna,2,02:16:24-00:00:00,hasta,1,00:00:00-04:31:22,chitra,0,04:31:22-00:00:00
14/02/25,GOLDM,05/03/25,85500,84331,85856,84285,85368,35299,17627,-1169,-1.37,2,friday,0,kumbha,1,dvitiya_krishna,2,00:00:00-21:52:53,tritiya_krishna,1,21:52:53-00:00:00,purva_phalguni,1,00:00:00-23:09:32,uttara_phalguni,0,23:09:32-00:00:00
13/02/25,GOLDM,05/03/25,85350,85368,85580,85181,85024,18828,23184,18,0.02,0,thursday,2,kumbha,1,pratipada_krishna,0,00:00:00-20:22:15,dvitiya_krishna,2,20:22:15-00:00:00,magha,0,00:00:00-21:07:21,purva_phalguni,1,21:07:21-00:00:00
12/02/25,GOLDM,05/03/25,84631,85024,85181,84180,85113,28792,22932,393,0.46,1,wednesday,0,makara,0,purnima,1,00:00:00-19:23:25,pratipada_krishna,0,19:23:25-00:00:00,ashlesha,0,00:00:00-19:35:37,magha,0,19:35:37-00:00:00
11/02/25,GOLDM,05/03/25,85498,85113,85875,84436,85308,36373,24564,-385,-0.45,2,tuesday,0,makara,0,chaturdashi_shukla,0,00:00:00-18:56:01,purnima,1,18:56:01-00:00:00,pushya,1,00:00:00-18:34:09,ashlesha,0,18:34:09-00:00:00
10/02/25,GOLDM,05/03/25,84690,85308,85427,84589,84378,26703,27771,618,0.73,1,monday,2,makara,0,trayodashi_shukla,2,00:00:00-18:57:51,chaturdashi_shukla,0,18:57:51-00:00:00,punarvasu,0,00:00:00-18:00:58,pushya,1,18:00:58-00:00:00
07/02/25,GOLDM,05/03/25,84044,84378,84690,83906,83856,29656,27840,334,0.4,1,friday,0,makara,0,dashami_shukla,2,00:00:00-21:26:44,ekadashi_shukla,0,21:26:44-00:00:00,rohini,2,00:00:00-18:40:06,mrigashira,2,18:40:06-00:00:00
06/02/25,GOLDM,05/03/25,84043,83856,84245,83371,83976,26411,29496,-187,-0.22,2,thursday,2,makara,0,ashtami_shukla,0,00:00:00-00:36:03,navami_shukla,1,00:36:03-22:53:58,krittika,0,00:00:00-19:29:30,rohini,2,19:29:30-00:00:00
05/02/25,GOLDM,05/03/25,83324,83976,84274,83276,83162,29476,30581,652,0.78,1,wednesday,0,makara,0,saptami_shukla,2,00:00:00-02:31:13,ashtami_shukla,0,02:31:13-00:00:00,bharani,1,00:00:00-20:33:17,krittika,0,20:33:17-00:00:00
04/02/25,GOLDM,05/03/25,82661,83162,83194,82309,82625,21445,29129,501,0.61,1,tuesday,0,makara,0,shashthi_shukla,1,00:00:00-04:37:40,saptami_shukla,2,04:37:40-00:00:00,ashwini,1,00:00:00-21:49:41,bharani,1,21:49:41-00:00:00
03/02/25,GOLDM,05/03/25,81243,82625,83060,81202,81663,25861,28762,1382,1.7,1,monday,2,makara,0,panchami_shukla,2,00:00:00-06:53:14,shashthi_shukla,1,06:53:14-00:00:00,uttara_bhadrapada,0,00:00:00-00:52:26,revati,1,00:52:26-23:16:51
01/02/25,GOLDM,05/03/25,81200,81663,82730,81003,81610,13528,26795,463,0.57,1,saturday,2,makara,0,tritiya_shukla,1,00:00:00-11:38:48,chaturthi_shukla,0,11:38:48-00:00:00,shatabhisha,0,00:00:00-04:14:31,purva_bhadrapada,2,04:14:31-00:00:00
31/01/25,GOLDM,05/02/25,81890,81836,82094,81551,81539,1125,1721,-54,-0.07,0,friday,0,makara,0,dvitiya_shukla,2,00:00:00-13:59:38,tritiya_shukla,1,13:59:38-00:00:00,dhanishtha,1,00:00:00-05:50:54,shatabhisha,0,05:50:54-00:00:00
30/01/25,GOLDM,05/02/25,80509,81539,81800,80380,80310,3833,2575,1030,1.28,1,thursday,2,makara,0,pratipada_shukla,0,00:00:00-16:11:06,dvitiya_shukla,2,16:11:06-00:00:00,shravana,1,00:00:00-07:15:28,dhanishtha,1,07:15:28-00:00:00
29/01/25,GOLDM,05/02/25,80247,80310,80730,80195,80163,11055,4435,63,0.08,0,wednesday,0,makara,0,amavasya,1,00:00:00-18:06:00,pratipada_shukla,0,18:06:00-00:00:00,uttara_ashadha,0,00:00:00-08:20:39,shravana,1,08:20:39-00:00:00
28/01/25,GOLDM,05/02/25,79628,80163,80199,79552,79510,9023,8191,535,0.67,1,tuesday,0,makara,0,chaturdashi_krishna,0,00:00:00-19:36:33,amavasya,1,19:36:33-00:00:00,purva_ashadha,1,00:00:00-08:58:39,uttara_ashadha,0,08:58:39-00:00:00
27/01/25,GOLDM,05/02/25,79944,79510,80000,79431,79944,18521,8763,-434,-0.54,2,monday,2,makara,0,trayodashi_krishna,2,00:00:00-20:35:11,chaturdashi_krishna,0,20:35:11-00:00:00,mula,0,00:00:00-09:02:19,purva_ashadha,1,09:02:19-00:00:00
24/01/25,GOLDM,05/02/25,79950,79944,80221,79687,79594,13556,11964,-6,-0.01,0,friday,0,makara,0,dashami_krishna,2,00:00:00-19:25:33,ekadashi_krishna,0,19:25:33-00:00:00,vishakha,2,00:00:00-05:08:17,anuradha,1,05:08:17-00:00:00
23/01/25,GOLDM,05/02/25,79400,79594,79619,79251,79535,14044,13171,194,0.24,1,thursday,2,makara,0,navami_krishna,1,00:00:00-17:38:04,dashami_krishna,2,17:38:04-00:00:00,swati,0,00:00:00-02:34:16,vishakha,2,02:34:16-00:00:00
22/01/25,GOLDM,05/02/25,79267,79535,79587,79257,79179,14648,15099,268,0.34,1,wednesday,0,makara,0,ashtami_krishna,0,00:00:00-15:18:33,navami_krishna,1,15:18:33-00:00:00,swati,0,00:00:00-00:00:00,,,
21/01/25,GOLDM,05/02/25,78855,79179,79300,78782,78530,14484,16830,324,0.41,1,tuesday,0,makara,0,saptami_krishna,2,00:00:00-12:40:13,ashtami_krishna,0,12:40:13-00:00:00,chitra,0,00:00:00-23:36:42,swati,0,23:36:42-00:00:00
20/01/25,GOLDM,05/02/25,78890,78530,79135,78430,79003,17304,16397,-360,-0.46,2,monday,2,makara,0,shashthi_krishna,1,00:00:00-09:59:04,saptami_krishna,2,09:59:04-00:00:00,hasta,1,00:00:00-20:30:08,chitra,0,20:30:08-00:00:00
17/01/25,GOLDM,05/02/25,79055,79003,79149,78741,79160,14402,18675,-52,-0.07,0,friday,0,makara,0,tritiya_krishna,1,00:00:00-04:06:40,chaturthi_krishna,0,04:06:40-00:00:00,magha,0,00:00:00-12:45:01,purva_phalguni,1,12:45:01-00:00:00
16/01/25,GOLDM,05/02/25,78688,79160,79190,78687,78658,16603,19734,472,0.6,1,thursday,2,makara,0,dvitiya_krishna,2,00:00:00-03:23:43,tritiya_krishna,1,03:23:43-00:00:00,ashlesha,0,00:00:00-11:16:40,magha,0,11:16:40-00:00:00
15/01/25,GOLDM,05/02/25,78323,78658,78706,78228,78151,16143,18077,335,0.43,1,wednesday,0,makara,0,pratipada_krishna,0,00:00:00-03:21:41,dvitiya_krishna,2,03:21:41-00:00:00,pushya,1,00:00:00-10:28:09,ashlesha,0,10:28:09-00:00:00
14/01/25,GOLDM,05/02/25,78195,78151,78415,77770,78159,13273,17568,-44,-0.06,0,tuesday,0,makara,0,purnima,1,00:00:00-03:56:55,pratipada_krishna,0,03:56:55-00:00:00,punarvasu,0,00:00:00-10:17:00,pushya,1,10:17:00-00:00:00
13/01/25,GOLDM,05/02/25,78203,78159,78717,78090,78398,17089,17840,-44,-0.06,0,monday,2,dhanu,0,chaturdashi_shukla,0,00:00:00-05:03:27,purnima,1,05:03:27-00:00:00,ardra,2,00:00:00-10:38:05,punarvasu,0,10:38:05-00:00:00
10/01/25,GOLDM,05/02/25,78389,78398,78728,78018,78068,25071,18581,9,0.01,0,friday,0,dhanu,0,ekadashi_shukla,0,00:00:00-10:20:09,dwadashi_shukla,1,10:20:09-00:00:00,krittika,0,00:00:00-13:45:34,rohini,2,13:45:34-00:00:00
09/01/25,GOLDM,05/02/25,77849,78068,78218,77765,77737,14396,18251,219,0.28,1,thursday,2,dhanu,0,dashami_shukla,2,00:00:00-12:23:00,ekadashi_shukla,0,12:23:00-00:00:00,bharani,1,00:00:00-15:07:10,krittika,0,15:07:10-00:00:00
08/01/25,GOLDM,05/02/25,77450,77737,78049,77361,77514,21727,18310,287,0.37,1,wednesday,0,dhanu,0,navami_shukla,1,00:00:00-14:26:20,dashami_shukla,2,14:26:20-00:00:00,ashwini,1,00:00:00-16:29:41,bharani,1,16:29:41-00:00:00
07/01/25,GOLDM,05/02/25,77189,77514,77799,77100,77149,21208,18595,325,0.42,1,tuesday,0,dhanu,0,ashtami_shukla,0,00:00:00-16:27:16,navami_shukla,1,16:27:16-00:00:00,revati,1,00:00:00-17:50:05,ashwini,1,17:50:05-00:00:00
06/01/25,GOLDM,05/02/25,77309,77149,77542,76545,77343,27160,19724,-160,-0.21,2,monday,2,dhanu,0,saptami_shukla,2,00:00:00-18:24:05,ashtami_shukla,0,18:24:05-00:00:00,uttara_bhadrapada,0,00:00:00-19:06:31,revati,1,19:06:31-00:00:00
03/01/25,GOLDM,05/02/25,77775,77343,77900,77264,77684,16078,19398,-432,-0.56,2,friday,0,dhanu,0,tritiya_shukla,1,00:00:00-01:08:54,chaturthi_shukla,0,01:08:54-23:40:03,dhanishtha,1,00:00:00-22:21:58,shatabhisha,0,22:21:58-00:00:00
02/01/25,GOLDM,05/02/25,76900,77684,77774,76900,76862,20869,20135,784,1.02,1,thursday,2,dhanu,0,dvitiya_shukla,2,00:00:00-02:24:37,tritiya_shukla,1,02:24:37-00:00:00,shravana,1,00:00:00-23:10:45,dhanishtha,1,23:10:45-00:00:00
01/01/25,GOLDM,05/02/25,76727,76862,76890,76657,76738,2792,21975,135,0.18,0,wednesday,0,dhanu,0,pratipada_shukla,0,00:00:00-03:22:26,dvitiya_shukla,2,03:22:26-00:00:00,purva_ashadha,1,00:00:00-00:03:45,uttara_ashadha,0,00:03:45-23:46:17
31/12/24,GOLDM,03/01/25,75680,76232,76970,75572,75517,1917,7086,552,0.73,1,tuesday,0,dhanu,0,amavasya,1,00:00:00-03:56:50,pratipada_shukla,0,03:56:50-00:00:00,purva_ashadha,1,00:00:00-00:00:00,,,
30/12/24,GOLDM,03/01/25,75443,75517,76450,75336,75783,10256,9628,74,0.1,0,monday,2,dhanu,0,chaturdashi_krishna,0,00:00:00-04:02:03,amavasya,1,04:02:03-00:00:00,mula,0,00:00:00-23:57:37,purva_ashadha,1,23:57:37-00:00:00
27/12/24,GOLDM,03/01/25,76160,75783,76445,75661,76114,15258,13652,-377,-0.5,2,friday,0,dhanu,0,ekadashi_krishna,0,00:00:00-00:44:19,dwadashi_krishna,1,00:44:19-00:00:00,vishakha,2,00:00:00-20:28:41,anuradha,1,20:28:41-00:00:00
26/12/24,GOLDM,03/01/25,75868,76114,76200,75760,75562,9730,20194,246,0.32,1,thursday,2,dhanu,0,ekadashi_krishna,0,00:00:00-00:00:00,,,,swati,0,00:00:00-18:09:36,vishakha,2,18:09:36-00:00:00
24/12/24,GOLDM,03/01/25,75625,75562,75688,75424,75506,10824,22512,-63,-0.08,0,tuesday,0,dhanu,0,navami_krishna,1,00:00:00-19:52:50,dashami_krishna,2,19:52:50-00:00:00,hasta,1,00:00:00-12:17:14,chitra,0,12:17:14-00:00:00
23/12/24,GOLDM,03/01/25,75680,75506,75964,75352,75786,14198,24521,-174,-0.23,2,monday,2,dhanu,0,ashtami_krishna,0,00:00:00-17:08:14,navami_krishna,1,17:08:14-00:00:00,uttara_phalguni,0,00:00:00-09:09:11,hasta,1,09:09:11-00:00:00
20/12/24,GOLDM,03/01/25,75200,75786,76025,75070,75191,16062,25435,586,0.78,1,friday,0,dhanu,0,panchami_krishna,2,00:00:00-10:49:22,shashthi_krishna,1,10:49:22-00:00:00,ashlesha,0,00:00:00-01:59:51,magha,0,01:59:51-00:00:00
19/12/24,GOLDM,03/01/25,75500,75191,75931,75008,76115,19345,26958,-309,-0.41,2,thursday,2,dhanu,0,chaturthi_krishna,0,00:00:00-10:03:24,panchami_krishna,2,10:03:24-00:00:00,pushya,1,00:00:00-00:58:27,ashlesha,0,00:58:27-00:00:00
18/12/24,GOLDM,03/01/25,76265,76115,76465,76011,76314,11000,26403,-150,-0.2,0,wednesday,0,dhanu,0,tritiya_krishna,1,00:00:00-10:06:34,chaturthi_krishna,0,10:06:34-00:00:00,punarvasu,0,00:00:00-00:44:10,pushya,1,00:44:10-00:00:00
17/12/24,GOLDM,03/01/25,76563,76314,76585,75932,76486,15200,26768,-249,-0.33,2,tuesday,0,dhanu,0,dvitiya_krishna,2,00:00:00-10:56:38,tritiya_krishna,1,10:56:38-00:00:00,ardra,2,00:00:00-01:13:35,punarvasu,0,01:13:35-00:00:00
16/12/24,GOLDM,03/01/25,76500,76486,76859,76350,76592,13726,26743,-14,-0.02,0,monday,2,dhanu,0,pratipada_krishna,0,00:00:00-12:27:43,dvitiya_krishna,2,12:27:43-00:00:00,mrigashira,2,00:00:00-02:20:00,ardra,2,02:20:00-00:00:00
13/12/24,GOLDM,03/01/25,77517,76592,77520,76520,77400,19861,26031,-925,-1.19,2,friday,0,vrishchik,0,trayodashi_shukla,2,00:00:00-19:40:29,chaturdashi_shukla,0,19:40:29-00:00:00,bharani,1,00:00:00-07:50:07,krittika,0,07:50:07-00:00:00
12/12/24,GOLDM,03/01/25,78050,77400,78360,77130,78287,25135,26968,-650,-0.83,2,thursday,2,vrishchik,0,ekadashi_shukla,0,00:00:00-01:09:55,dwadashi_shukla,1,01:09:55-22:26:46,ashwini,1,00:00:00-09:52:38,bharani,1,09:52:38-00:00:00
11/12/24,GOLDM,03/01/25,77899,78287,78360,77590,77745,30920,30157,388,0.5,1,wednesday,0,vrishchik,0,dashami_shukla,2,00:00:00-03:43:22,ekadashi_shukla,0,03:43:22-00:00:00,revati,1,00:00:00-11:47:59,ashwini,1,11:47:59-00:00:00
10/12/24,GOLDM,03/01/25,77135,77745,77772,76920,76999,20598,28019,610,0.79,1,tuesday,0,vrishchik,0,navami_shukla,1,00:00:00-06:02:14,dashami_shukla,2,06:02:14-00:00:00,uttara_bhadrapada,0,00:00:00-13:30:28,revati,1,13:30:28-00:00:00
09/12/24,GOLDM,03/01/25,76261,76999,77273,76160,76185,21649,26554,738,0.97,1,monday,2,vrishchik,0,ashtami_shukla,0,00:00:00-08:03:18,navami_shukla,1,08:03:18-00:00:00,purva_bhadrapada,2,00:00:00-14:56:16,uttara_bhadrapada,0,14:56:16-00:00:00
06/12/24,GOLDM,03/01/25,76141,76185,76380,75894,76073,14608,28028,44,0.06,0,friday,0,vrishchik,0,panchami_shukla,2,00:00:00-12:08:17,shashthi_shukla,1,12:08:17-00:00:00,shravana,1,00:00:00-17:18:28,dhanishtha,1,17:18:28-00:00:00
05/12/24,GOLDM,03/01/25,76596,76073,76750,76001,76647,18244,27615,-523,-0.68,2,thursday,2,vrishchik,0,chaturthi_shukla,0,00:00:00-12:49:54,panchami_shukla,2,12:49:54-00:00:00,uttara_ashadha,0,00:00:00-17:26:42,shravana,1,17:26:42-00:00:00
04/12/24,GOLDM,03/01/25,76447,76647,76792,76201,76488,17505,25723,200,0.26,1,wednesday,0,vrishchik,0,tritiya_shukla,1,00:00:00-13:10:49,chaturthi_shukla,0,13:10:49-00:00:00,purva_ashadha,1,00:00:00-17:14:56,uttara_ashadha,0,17:14:56-00:00:00
03/12/24,GOLDM,03/01/25,76353,76488,76684,76281,76298,16075,25145,135,0.18,0,tuesday,0,vrishchik,0,dvitiya_shukla,2,00:00:00-13:09:32,tritiya_shukla,1,13:09:32-00:00:00,mula,0,00:00:00-16:41:55,purva_ashadha,1,16:41:55-00:00:00
02/12/24,GOLDM,03/01/25,76403,76298,76583,75855,76728,20030,24464,-105,-0.14,0,monday,2,vrishchik,0,pratipada_shukla,0,00:00:00-12:43:52,dvitiya_shukla,2,12:43:52-00:00:00,jyeshtha,1,00:00:00-15:45:40,mula,0,15:45:40-00:00:00